{
  "target": {
    "LDMax": 180.0,
    "ClMax": 1.85,
    "CdMin": 0.02
  },
  "flow": {
    "Re": 2000000.0,
    "Mach": 0.1
  },
  "base_candidate_rank": 1,
  "opt_maxiter": 60,
  "refinement_restarts": 6,
  "base_eval": {
    "label": "base_candidate",
    "success": true,
    "message": "loaded from reverse v3",
    "objective": 0.20491554681954038,
    "LDMax_pred": 172.75237528483072,
    "ClMax_pred": 1.9509143431981404,
    "CdMin_pred": 0.019528035074472427,
    "LDMax_std": 5.022213770644226,
    "ClMax_std": 0.02372695007662363,
    "CdMin_std": 0.004536645488142243,
    "LDMax_std_norm": 0.09112975639436202,
    "ClMax_std_norm": 0.07036487853374356,
    "CdMin_rel_std": 0.2323144889304643,
    "target_gap": 0.11841112164793549,
    "passes_uncertainty": true
  },
  "candidates": [
    {
      "label": "jitter_5",
      "success": true,
      "message": "CONVERGENCE: RELATIVE REDUCTION OF F <= FACTR*EPSMCH",
      "objective": 0.11940668804521967,
      "LDMax_pred": 175.86689249674478,
      "ClMax_pred": 1.9094619750976562,
      "CdMin_pred": 0.01965790583441655,
      "LDMax_std": 4.852109084728576,
      "ClMax_std": 0.025313242584282813,
      "CdMin_std": 0.003311938411334231,
      "LDMax_std_norm": 0.0880431497111415,
      "ClMax_std_norm": 0.0750692033314931,
      "CdMin_rel_std": 0.1684786995741823,
      "target_gap": 0.07220802479148564,
      "passes_uncertainty": true,
      "rank": 1,
      "max_thickness": 0.12363006544822974,
      "max_camber_abs": 0.07437210777470334,
      "te_thickness": 0.0023250003459518703
    },
    {
      "label": "jitter_2",
      "success": true,
      "message": "CONVERGENCE: RELATIVE REDUCTION OF F <= FACTR*EPSMCH",
      "objective": 0.1571210086158554,
      "LDMax_pred": 175.18469746907553,
      "ClMax_pred": 1.918742299079895,
      "CdMin_pred": 0.019259450025856495,
      "LDMax_std": 4.24618205820357,
      "ClMax_std": 0.03245764842023442,
      "CdMin_std": 0.004879460635142078,
      "LDMax_std_norm": 0.0770484002158605,
      "ClMax_std_norm": 0.09625672415566303,
      "CdMin_rel_std": 0.253354100381435,
      "target_gap": 0.10093717893717935,
      "passes_uncertainty": true,
      "rank": 2,
      "max_thickness": 0.11854173180092356,
      "max_camber_abs": 0.07854197903705533,
      "te_thickness": 0.003267629237519143
    },
    {
      "label": "jitter_3",
      "success": true,
      "message": "CONVERGENCE: RELATIVE REDUCTION OF F <= FACTR*EPSMCH",
      "objective": 0.18710329350475347,
      "LDMax_pred": 172.25621032714844,
      "ClMax_pred": 1.9352593024571736,
      "CdMin_pred": 0.019760962886114914,
      "LDMax_std": 4.749119843964066,
      "ClMax_std": 0.025720700545945576,
      "CdMin_std": 0.004967220527292579,
      "LDMax_std_norm": 0.08617437533180915,
      "ClMax_std_norm": 0.07627756470484356,
      "CdMin_rel_std": 0.25136530825543973,
      "target_gap": 0.10105901886862856,
      "passes_uncertainty": true,
      "rank": 3,
      "max_thickness": 0.10927163097942404,
      "max_camber_abs": 0.08012376774201155,
      "te_thickness": 0.0032160992830328246
    },
    {
      "label": "base_1",
      "success": true,
      "message": "CONVERGENCE: RELATIVE REDUCTION OF F <= FACTR*EPSMCH",
      "objective": 0.20491521392223305,
      "LDMax_pred": 172.75235493977866,
      "ClMax_pred": 1.9509142637252808,
      "CdMin_pred": 0.01952797391762336,
      "LDMax_std": 5.022206682834961,
      "ClMax_std": 0.023727016727530723,
      "CdMin_std": 0.0045366005399547354,
      "LDMax_std_norm": 0.09112962778368132,
      "ClMax_std_norm": 0.07036507619433485,
      "CdMin_rel_std": 0.23231291474947133,
      "target_gap": 0.11841424956015338,
      "passes_uncertainty": true,
      "rank": 4,
      "max_thickness": 0.10912832277497939,
      "max_camber_abs": 0.07987915026762071,
      "te_thickness": 0.0031870255793404697
    }
  ]
}