label,success,message,objective,LDMax_pred,ClMax_pred,CdMin_pred,LDMax_std,ClMax_std,CdMin_std,LDMax_std_norm,ClMax_std_norm,CdMin_rel_std,target_gap,passes_uncertainty,rank,max_thickness,max_camber_abs,te_thickness
jitter_5,True,CONVERGENCE: RELATIVE REDUCTION OF F <= FACTR*EPSMCH,0.11940668804521967,175.86689249674478,1.9094619750976562,0.01965790583441655,4.852109084728576,0.025313242584282813,0.003311938411334231,0.0880431497111415,0.0750692033314931,0.1684786995741823,0.07220802479148564,True,1,0.12363006544822974,0.07437210777470334,0.0023250003459518703
jitter_2,True,CONVERGENCE: RELATIVE REDUCTION OF F <= FACTR*EPSMCH,0.1571210086158554,175.18469746907553,1.918742299079895,0.019259450025856495,4.24618205820357,0.03245764842023442,0.004879460635142078,0.0770484002158605,0.09625672415566303,0.253354100381435,0.10093717893717935,True,2,0.11854173180092356,0.07854197903705533,0.003267629237519143
jitter_3,True,CONVERGENCE: RELATIVE REDUCTION OF F <= FACTR*EPSMCH,0.18710329350475347,172.25621032714844,1.9352593024571736,0.019760962886114914,4.749119843964066,0.025720700545945576,0.004967220527292579,0.08617437533180915,0.07627756470484356,0.25136530825543973,0.10105901886862856,True,3,0.10927163097942404,0.08012376774201155,0.0032160992830328246
base_1,True,CONVERGENCE: RELATIVE REDUCTION OF F <= FACTR*EPSMCH,0.20491521392223305,172.75235493977866,1.9509142637252808,0.01952797391762336,5.022206682834961,0.023727016727530723,0.0045366005399547354,0.09112962778368132,0.07036507619433485,0.23231291474947133,0.11841424956015338,True,4,0.10912832277497939,0.07987915026762071,0.0031870255793404697
