label,success,message,objective,LDMax_pred,ClMax_pred,CdMin_pred,LDMax_std,ClMax_std,CdMin_std,LDMax_std_norm,ClMax_std_norm,CdMin_rel_std,target_gap,passes_uncertainty
jitter_5,True,CONVERGENCE: RELATIVE REDUCTION OF F <= FACTR*EPSMCH,0.11940668804521967,175.86689249674478,1.9094619750976562,0.01965790583441655,4.852109084728576,0.025313242584282813,0.003311938411334231,0.0880431497111415,0.0750692033314931,0.1684786995741823,0.07220802479148564,True
jitter_2,True,CONVERGENCE: RELATIVE REDUCTION OF F <= FACTR*EPSMCH,0.1571210086158554,175.18469746907553,1.918742299079895,0.019259450025856495,4.24618205820357,0.03245764842023442,0.004879460635142078,0.0770484002158605,0.09625672415566303,0.253354100381435,0.10093717893717935,True
jitter_3,True,CONVERGENCE: RELATIVE REDUCTION OF F <= FACTR*EPSMCH,0.18710329350475347,172.25621032714844,1.9352593024571736,0.019760962886114914,4.749119843964066,0.025720700545945576,0.004967220527292579,0.08617437533180915,0.07627756470484356,0.25136530825543973,0.10105901886862856,True
base_1,True,CONVERGENCE: RELATIVE REDUCTION OF F <= FACTR*EPSMCH,0.20491521392223305,172.75235493977866,1.9509142637252808,0.01952797391762336,5.022206682834961,0.023727016727530723,0.0045366005399547354,0.09112962778368132,0.07036507619433485,0.23231291474947133,0.11841424956015338,True
jitter_4,True,CONVERGENCE: RELATIVE REDUCTION OF F <= FACTR*EPSMCH,0.3283198739846269,182.7372080485026,1.8793936173121135,0.019614643572519224,4.566859467589996,0.015161158537693955,0.012297404892873509,0.08286719956075805,0.044962082167767294,0.6269502092866264,0.05036297454494037,False
jitter_6,False,ABNORMAL: ,0.20254397711553118,161.42821756998697,1.851924737294515,0.020122422526280086,10.180734989591057,0.029274909692988463,0.0016797562493019772,0.18473285723916552,0.08681796261134017,0.08347684018205058,0.11033809390720782,False
