{
  "chosen_variant": "cd_loss_only",
  "baseline_metrics": {
    "LDMax": {
      "MAE": 5.347763538360596,
      "RMSE": 16.63013442067169,
      "R2": 0.9058724641799927
    },
    "ClMax": {
      "MAE": 0.04613952338695526,
      "RMSE": 0.12314485251908894,
      "R2": 0.8681695461273193
    },
    "CdMin": {
      "MAE": 0.026333842426538467,
      "RMSE": 0.045418272011022415,
      "R2": 0.7169221639633179,
      "MedianAE": 0.012432217597961426,
      "Within10Pct": 0.5433972707725715,
      "Within25Pct": 0.785238328401422,
      "Within50Pct": 0.8968769292998106
    }
  },
  "best_seed": 52,
  "best_seed_metrics": {
    "LDMax": {
      "MAE": 5.516894340515137,
      "RMSE": 16.536958858894863,
      "R2": 0.9069242477416992
    },
    "ClMax": {
      "MAE": 0.04755730181932449,
      "RMSE": 0.12497835418920143,
      "R2": 0.8642147183418274
    },
    "CdMin": {
      "MAE": 0.026777859777212143,
      "RMSE": 0.045614158611152575,
      "R2": 0.7144750952720642,
      "MedianAE": 0.013010755181312561,
      "Within10Pct": 0.5366700019159943,
      "Within25Pct": 0.7848977071934942,
      "Within50Pct": 0.8979413705745855
    }
  },
  "ensemble_metrics": {
    "LDMax": {
      "MAE": 5.1178107261657715,
      "RMSE": 16.46619165227032,
      "R2": 0.9077191352844238
    },
    "ClMax": {
      "MAE": 0.044643957167863846,
      "RMSE": 0.121914080779011,
      "R2": 0.8707915544509888
    },
    "CdMin": {
      "MAE": 0.026082992553710938,
      "RMSE": 0.04498491062804064,
      "R2": 0.7222983837127686,
      "MedianAE": 0.012313544750213623,
      "Within10Pct": 0.5521044004002299,
      "Within25Pct": 0.7885380963532241,
      "Within50Pct": 0.8986864794669278
    }
  },
  "low_drag_ensemble_metrics": {
    "LDMax": {
      "MAE": 4.8774309158325195,
      "RMSE": 13.497036643980238,
      "R2": 0.8789608478546143
    },
    "ClMax": {
      "MAE": 0.060673318803310394,
      "RMSE": 0.16664093285812506,
      "R2": 0.7589579224586487
    },
    "CdMin": {
      "MAE": 0.02041562832891941,
      "RMSE": 0.04933802914357439,
      "R2": -5.2863664627075195,
      "MedianAE": 0.0022609904408454895,
      "Within10Pct": 0.6344766074758778,
      "Within25Pct": 0.7422362766561258,
      "Within50Pct": 0.7916159896213412
    }
  },
  "stability": {
    "LDMax_R2_std": 0.001220021160137469,
    "ClMax_R2_std": 0.002231581537886294,
    "CdMin_R2_std": 0.004749144344532624,
    "LowDrag_CdMin_Within25Pct_min": 0.7383442795751236
  },
  "gate_primary": false,
  "stability_ok": false,
  "gate_pass": false
}